type,win_percent
Chasing,53.88127853881278
Batting First,45.662100456621005
No Result,0.45662100456621
