toss_match_result,Win percent
Yes,0.5059360730593607
No,0.4940639269406393
